quarter,Actual,Forecast
2013Q1,6411345.0,
2013Q2,7465738.0,
2013Q3,9617271.0,
2013Q4,12817441.0,
2014Q1,16703394.0,
2014Q2,21557646.0,
2014Q3,27622433.0,
2014Q4,34691537.0,
2015Q1,42542095.0,
2015Q2,51543158.0,
2015Q3,61948466.0,
2015Q4,73665313.0,
2016Q1,86347037.0,
2016Q2,95351066.0,
2016Q3,,61948466.000000976
2016Q4,,73665313.00001171
2017Q1,,86347037.00000243
2017Q2,,95351065.99999921
