quarter,Actual,Forecast
2013Q1,2559936.8,
2013Q2,2994407.95,
2013Q3,2869025.75,
2013Q4,2682555.55,
2014Q1,2823106.25,
2014Q2,3119592.35,
2014Q3,2911768.95,
2014Q4,3139397.65,
2015Q1,3033144.55,
2015Q2,3219660.75,
2015Q3,3255382.05,
2015Q4,3135150.7,
2016Q1,2959174.25,
2016Q2,2128802.95,
2016Q3,,3255382.0499952226
2016Q4,,3135150.700003752
2017Q1,,2959174.2500000643
2017Q2,,2128802.950001709
2017Q3,,3255382.049990431
2017Q4,,3135150.7000074866
