Metric,Value
n,10
MAE,3.213062882423401e-09
RMSE,3.7107098499567313e-09
MAPE,1.052491877148689e-15
R2,1.0
