Metric,Value
n,10
MAE,4.0978193283081055e-08
RMSE,4.822776416743475e-08
MAPE,8.100426679581533e-16
R2,1.0
